date,month,lon,lat,n_scenes,gap_before_20,gap_after_20,window_20,gap_before_40,gap_after_40,window_40,gap_before_60,gap_after_60,window_60,gap_before_80,gap_after_80,window_80
2017-07-10,7,93.8574874760001,26.9522327930001,17,,93.0,,,13.0,,,13.0,,,13.0,
2017-07-09,7,93.651564379,27.107124104,17,,94.0,,41.0,14.0,55.0,41.0,14.0,55.0,41.0,14.0,55.0
2015-08-16,8,96.9262000000001,27.8835,3,,89.0,,,89.0,,,89.0,,,89.0,
2017-07-11,7,91.876945,27.583849,19,90.0,110.0,200.0,70.0,110.0,180.0,30.0,110.0,140.0,30.0,55.0,85.0
2017-07-09,7,93.6649570850001,27.141638969,17,,119.0,,41.0,94.0,135.0,41.0,94.0,135.0,41.0,14.0,55.0
2016-07-16,7,93.804,27.3034000000001,11,,107.0,,,107.0,,53.0,27.0,80.0,33.0,27.0,60.0
2016-07-01,7,92.6351000000001,27.0136000000001,15,38.0,55.0,93.0,38.0,42.0,80.0,5.0,42.0,47.0,5.0,42.0,47.0
2017-07-09,7,93.5975544090001,27.0767151740001,17,,94.0,,41.0,14.0,55.0,41.0,14.0,55.0,41.0,14.0,55.0
2017-04-22,4,93.6259277340001,27.6802471,15,73.0,,,73.0,37.0,110.0,63.0,37.0,100.0,23.0,17.0,40.0
2017-07-04,7,94.212635886,27.985317153,17,,99.0,,56.0,99.0,155.0,36.0,44.0,80.0,36.0,19.0,55.0
2017-07-11,7,93.6153927880001,27.2093841080001,17,,117.0,,43.0,92.0,135.0,43.0,92.0,135.0,43.0,12.0,55.0
2017-07-09,7,93.6188204270001,27.092916003,17,,94.0,,41.0,14.0,55.0,41.0,14.0,55.0,41.0,14.0,55.0
2015-08-18,8,94.7596,28.1737000000001,1,,110.0,,,110.0,,,110.0,,,110.0,
2017-07-08,7,91.6036288990001,27.1600986070001,19,87.0,113.0,200.0,67.0,113.0,180.0,27.0,113.0,140.0,27.0,58.0,85.0
2016-04-22,4,91.8569000000001,27.5799000000001,8,5.0,,,5.0,,,5.0,65.0,70.0,5.0,45.0,50.0
2017-06-30,6,93.618996441,27.0476864280001,16,,103.0,,32.0,23.0,55.0,32.0,23.0,55.0,32.0,23.0,55.0
2017-06-21,6,93.54136779,27.0588038440001,16,,112.0,,23.0,32.0,55.0,23.0,32.0,55.0,23.0,32.0,55.0
2016-08-16,8,95.3998970000001,26.88161,26,97.0,63.0,160.0,97.0,63.0,160.0,4.0,63.0,67.0,4.0,63.0,67.0
2017-09-30,9,92.407813,27.303999,26,,29.0,,,29.0,,11.0,29.0,40.0,6.0,9.0,15.0
2016-07-19,7,94.9612000000001,28.2350000000001,11,,104.0,,56.0,24.0,80.0,56.0,24.0,80.0,56.0,24.0,80.0
2017-04-26,4,93.611565683,27.104022001,15,77.0,,,67.0,33.0,100.0,47.0,33.0,80.0,27.0,13.0,40.0
2016-04-19,4,95.0243,26.7223000000001,10,45.0,115.0,160.0,45.0,35.0,80.0,45.0,35.0,80.0,15.0,35.0,50.0
2017-05-24,5,93.5099562630001,27.7697929990001,14,105.0,,,105.0,5.0,110.0,95.0,5.0,100.0,15.0,5.0,20.0
2017-07-09,7,93.795595743,27.116106647,17,,94.0,,41.0,14.0,55.0,41.0,14.0,55.0,41.0,14.0,55.0
2017-07-01,7,93.659752515,27.1064722620001,16,,102.0,,33.0,22.0,55.0,33.0,22.0,55.0,33.0,22.0,55.0
2017-06-18,6,92.7826058730001,26.964378405,34,67.0,115.0,182.0,47.0,33.0,80.0,47.0,33.0,80.0,20.0,33.0,53.0
2017-07-04,7,94.2629682610001,27.9787575130001,17,,99.0,,56.0,99.0,155.0,36.0,44.0,80.0,36.0,19.0,55.0
2017-07-01,7,93.608156524,27.081685647,16,,102.0,,33.0,22.0,55.0,33.0,22.0,55.0,33.0,22.0,55.0
2017-06-24,6,94.6222027740001,26.6635448110001,16,,109.0,,,94.0,,,54.0,,6.0,29.0,35.0
2016-06-12,6,93.871,27.6438,10,99.0,,,99.0,,,19.0,61.0,80.0,19.0,1.0,20.0
2017-04-22,4,93.8419689410001,27.6179070600001,15,73.0,,,73.0,37.0,110.0,63.0,37.0,100.0,23.0,17.0,40.0
2016-05-01,5,96.5316000000001,28.0822000000001,9,,10.0,,100.0,10.0,110.0,40.0,10.0,50.0,40.0,10.0,50.0
2016-04-22,4,91.7520000000001,27.5523000000001,8,5.0,,,5.0,,,5.0,65.0,70.0,5.0,45.0,50.0
2017-07-09,7,93.1319509840001,26.566362441,17,,94.0,,,14.0,,,14.0,,,14.0,
2015-07-15,7,93.0385000000001,27.3600000000001,0,,,,,,,,,,,,
2017-07-09,7,93.501027778,27.0595727090001,17,,94.0,,41.0,14.0,55.0,41.0,14.0,55.0,41.0,14.0,55.0
2017-06-19,6,93.6146564000001,27.069925793,16,,114.0,,21.0,34.0,55.0,21.0,34.0,55.0,21.0,34.0,55.0
2016-08-05,8,91.9754000000001,27.5754000000001,12,110.0,20.0,130.0,110.0,20.0,130.0,40.0,20.0,60.0,0.0,20.0,20.0
2017-05-03,5,93.6240725870001,27.827431318,14,84.0,,,84.0,26.0,110.0,74.0,26.0,100.0,34.0,6.0,40.0
2017-06-20,6,94.1831569710001,28.10756941,16,,,,42.0,,,22.0,118.0,140.0,22.0,33.0,55.0
2016-07-28,7,91.8644,27.5748,12,102.0,28.0,130.0,102.0,28.0,130.0,32.0,28.0,60.0,32.0,8.0,40.0
2018-10-29,10,94.156585798,29.2703442210001,45,,2.0,,3.0,2.0,5.0,3.0,2.0,5.0,3.0,2.0,5.0
2017-07-01,7,92.642040449,27.011456438,31,80.0,107.0,187.0,60.0,20.0,80.0,60.0,20.0,80.0,33.0,20.0,53.0
2017-06-04,6,93.5423586840001,27.059093165,16,116.0,,,6.0,49.0,55.0,6.0,49.0,55.0,6.0,49.0,55.0
2017-07-09,7,93.605059886,27.0844940960001,17,,94.0,,41.0,14.0,55.0,41.0,14.0,55.0,41.0,14.0,55.0
